{
  "bTt3rxmAfMpjHW9rr2nEOsDlyS8_67CJE_ZfzaddtlM": {
    "email": "tuankkffdnc@gmail.com",
    "created_at": 1762422494.6786609,
    "expires_at": 1762595294.6786609
  },
  "Vfs48gnE39krPxbdt0CJxvZ5RUZibW7Vuv-09nGFHW0": {
    "email": "nguyentheduong9696@gmail.com",
    "created_at": 1762428295.7507646,
    "expires_at": 1762601095.7507646
  }
}