{
  "vTKs4IdnQJFXu1KdH5PE9drVz0hHJDpk8tTYpxJJWic": {
    "email": "tuankkffdnc@gmail.com",
    "created_at": 1767698440.6683395,
    "expires_at": 1767871240.6683395
  }
}