{
  "tmdqSul6_AAVBi6HA77NtsjDF1Sx_LWZG82FdXKpcw4": {
    "email": "tuankkffdnc@gmail.com",
    "created_at": 1767957209.3902602,
    "expires_at": 1768130009.3902602
  }
}